{
    "loss": 45.17380142211914,
    "accuracy": 0.557692289352417
}